time,regime_label
0,1
1,1
2,1
3,0
4,0
5,0
6,1
7,0
8,1
9,1
10,0
11,0
12,0
13,2
14,0
15,0
16,1
17,0
18,0
19,1
20,1
21,0
22,0
23,1
24,1
25,0
26,1
27,2
28,0
29,0
30,1
31,0
32,1
33,2
34,1
35,0
36,1
37,0
38,0
39,0
40,2
41,0
42,2
43,0
44,1
45,0
46,0
47,2
48,0
49,0
50,2
51,1
52,0
53,1
54,1
55,0
56,0
57,0
58,0
59,0
60,0
61,0
62,0
63,0
64,0
65,1
66,2
67,0
68,0
69,1
70,2
71,0
72,0
73,0
74,1
75,2
76,1
77,0
78,1
79,0
80,1
81,0
82,0
83,0
84,1
85,1
86,0
87,0
88,0
89,0
90,0
91,0
92,0
93,1
94,1
95,0
96,0
97,0
98,0
99,2
100,1
101,0
102,1
103,1
104,0
105,1
106,0
107,0
108,1
109,2
110,0
111,0
112,2
113,0
114,1
115,0
116,0
117,0
118,1
119,0
120,0
121,0
122,0
123,0
124,0
125,0
126,0
127,1
128,0
129,0
130,0
131,0
132,1
133,2
134,0
135,1
136,1
137,1
138,2
139,0
140,2
141,2
142,0
143,0
144,1
145,0
146,1
147,0
148,0
149,2
150,2
151,0
152,1
153,0
154,0
155,0
156,0
157,0
158,2
159,1
160,0
161,1
162,2
163,0
164,0
165,2
166,1
167,2
168,0
169,2
170,1
171,1
172,0
173,0
174,0
175,0
176,0
177,1
178,0
179,0
180,0
181,0
182,0
183,0
184,1
185,1
186,0
187,2
188,0
189,2
190,2
191,0
192,0
193,0
194,0
195,1
196,0
197,0
198,0
199,0
200,0
201,0
202,1
203,0
204,1
205,1
206,0
207,0
208,0
209,2
210,0
211,0
212,1
213,1
214,2
215,0
216,0
217,1
218,0
219,0
220,1
221,1
222,1
223,0
224,2
225,0
226,0
227,1
228,2
229,0
230,0
231,0
232,0
233,1
234,0
235,2
236,0
237,0
238,0
239,0
240,0
241,0
242,0
243,1
244,0
245,0
246,0
247,0
248,1
249,1
250,0
251,0
252,0
253,0
254,0
255,0
256,1
257,0
258,2
259,0
260,2
261,0
262,0
263,0
264,0
265,0
266,0
267,0
268,0
269,0
270,0
271,1
272,0
273,2
274,0
275,1
276,0
277,0
278,0
279,2
280,2
281,1
282,1
283,1
284,0
285,1
286,0
287,1
288,0
289,0
290,0
291,0
292,1
293,0
294,2
295,0
296,1
297,1
298,0
299,1
300,0
301,0
302,0
303,1
304,0
305,0
306,0
307,0
308,1
309,0
310,0
311,0
312,0
313,1
314,0
315,2
316,0
317,0
318,1
319,1
320,2
321,0
322,0
323,2
324,0
325,0
326,0
327,0
328,0
329,2
330,0
331,1
332,0
333,0
334,0
335,0
336,0
337,1
338,1
339,0
340,0
341,0
342,0
343,1
344,0
345,0
346,2
347,0
348,0
349,0
350,0
351,2
352,0
353,0
354,0
355,0
356,0
357,2
358,0
359,1
360,0
361,0
362,1
363,2
364,0
365,0
366,0
367,0
368,0
369,1
370,0
371,0
372,0
373,0
374,0
375,1
376,0
377,1
378,0
379,2
380,1
381,0
382,0
383,1
384,0
385,0
386,0
387,1
388,0
389,0
390,2
391,0
392,1
393,1
394,0
395,1
396,0
397,1
398,1
399,0
400,0
401,1
402,0
403,1
404,0
405,1
406,0
407,1
408,0
409,0
410,1
411,0
412,2
413,1
414,2
415,0
416,0
417,0
418,0
419,0
420,1
421,1
422,0
423,1
424,0
425,0
426,0
427,0
428,1
429,1
430,0
431,1
432,0
433,1
434,1
435,1
436,0
437,0
438,0
439,0
440,0
441,0
442,1
443,0
444,2
445,0
446,2
447,2
448,0
449,2
450,2
451,0
452,2
453,0
454,0
455,0
456,0
457,0
458,2
459,2
460,1
461,0
462,2
463,0
464,2
465,0
466,2
467,1
468,2
469,2
470,2
471,1
472,1
473,1
474,0
475,1
476,0
477,2
478,0
479,2
480,0
481,0
482,2
483,0
484,0
485,1
486,0
487,0
488,1
489,2
490,0
491,0
492,0
493,0
494,0
495,0
496,0
497,2
498,0
499,0
500,1
501,0
502,1
503,0
504,0
505,0
506,0
507,1
508,2
509,0
510,0
511,0
512,1
513,0
514,0
515,0
516,0
517,0
518,1
519,2
520,1
521,0
522,0
523,0
524,1
525,0
526,0
527,1
528,0
529,0
530,0
531,0
532,0
533,0
534,0
535,0
536,0
537,2
538,0
539,0
540,1
541,0
542,0
543,0
544,2
545,2
546,1
547,1
548,0
549,2
550,0
551,0
552,0
553,0
554,0
555,0
556,1
557,0
558,2
559,0
560,1
561,0
562,2
563,0
564,0
565,1
566,1
567,0
568,0
569,0
570,0
571,2
572,0
573,1
574,1
575,0
576,0
577,0
578,1
579,0
580,0
581,0
582,0
583,0
584,0
585,0
586,1
587,0
588,1
589,0
590,2
591,0
592,0
593,2
594,1
595,0
596,0
597,2
598,0
599,2
600,2
601,0
602,1
603,0
604,1
605,0
606,0
607,1
608,0
609,2
610,0
611,0
612,0
613,2
614,0
615,2
616,0
617,0
618,2
619,0
620,0
621,2
622,0
623,1
624,1
625,0
626,1
627,1
628,1
629,0
630,2
631,1
632,0
633,0
634,0
635,1
636,2
637,0
638,2
639,0
640,0
641,0
642,0
643,0
644,1
645,0
646,0
647,1
648,1
649,2
650,0
651,2
652,0
653,0
654,2
655,0
656,1
657,1
658,0
659,1
660,0
661,0
662,1
663,2
664,0
665,2
666,0
667,0
668,1
669,0
670,2
671,1
672,2
673,1
674,2
675,1
676,0
677,2
678,0
679,0
680,0
681,2
682,0
683,0
684,0
685,0
686,0
687,1
688,0
689,1
690,0
691,0
692,1
693,0
694,0
695,2
696,0
697,0
698,0
699,0
700,0
701,1
702,0
703,0
704,2
705,0
706,0
707,0
708,0
709,0
710,0
711,2
712,0
713,1
714,0
715,0
716,0
717,0
718,0
719,2
720,2
721,0
722,0
723,0
724,1
725,0
726,0
727,0
728,0
729,0
730,2
731,0
732,0
733,2
734,0
735,1
736,0
737,0
738,0
739,0
740,0
741,0
742,0
743,1
744,0
745,1
746,0
747,2
748,0
749,0
750,0
751,2
752,2
753,0
754,1
755,0
756,0
757,1
758,0
759,0
760,1
761,1
762,0
763,0
764,0
765,0
766,0
767,2
768,0
769,0
770,2
771,1
772,0
773,0
774,2
775,0
776,0
777,0
778,0
779,0
780,1
781,1
782,0
783,1
784,0
785,1
786,1
787,1
788,0
789,1
790,0
791,0
792,0
793,0
794,0
795,0
796,0
797,1
798,0
799,0
800,0
801,0
802,0
803,2
804,1
805,0
806,0
807,0
808,0
809,2
810,0
811,1
812,2
813,0
814,0
815,0
816,0
817,0
818,2
819,2
820,1
821,1
822,0
823,0
824,0
825,0
826,0
827,1
828,0
829,0
830,1
831,1
832,0
833,0
834,2
835,0
836,1
837,0
838,1
839,1
840,1
841,0
842,0
843,1
844,0
845,1
846,1
847,0
848,2
849,0
850,1
851,1
852,0
853,0
854,1
855,0
856,0
857,1
858,0
859,0
860,0
861,0
862,2
863,1
864,2
865,0
866,1
867,0
868,0
869,1
870,0
871,0
872,0
873,1
874,1
875,0
876,0
877,0
878,0
879,2
880,2
881,2
882,1
883,2
884,1
885,2
886,1
887,0
888,0
889,0
890,1
891,0
892,1
893,1
894,0
895,0
896,2
897,0
898,0
899,2
900,0
901,0
902,0
903,2
904,1
905,0
906,2
907,2
908,1
909,2
910,1
911,1
912,0
913,0
914,0
915,1
916,0
917,0
918,0
919,0
920,0
921,1
922,2
923,2
924,1
925,2
926,0
927,0
928,0
929,2
930,0
931,1
932,1
933,0
934,0
935,1
936,1
937,0
938,1
939,2
940,2
941,0
942,0
943,0
944,1
945,2
946,2
947,2
948,1
949,1
950,0
951,0
952,2
953,1
954,0
955,0
956,0
957,0
958,2
959,0
960,0
961,1
962,0
963,0
964,0
965,0
966,0
967,2
968,0
969,1
970,0
971,1
972,1
973,0
974,1
975,0
976,0
977,1
978,1
979,2
980,2
981,1
982,2
983,0
984,0
985,0
986,0
987,0
988,2
989,0
990,1
991,0
992,1
993,1
994,0
995,2
996,0
997,2
998,0
999,0
1000,2
1001,1
1002,0
1003,1
1004,0
1005,0
1006,0
1007,0
1008,2
1009,2
1010,0
1011,1
1012,0
1013,0
1014,1
1015,0
1016,0
1017,1
1018,2
1019,0
1020,0
1021,0
1022,1
1023,1
1024,2
1025,2
1026,2
1027,1
1028,0
1029,1
1030,1
1031,0
1032,0
1033,0
1034,2
1035,0
1036,1
1037,0
1038,1
1039,0
1040,1
1041,0
1042,0
1043,0
1044,0
1045,1
1046,1
1047,0
1048,0
1049,2
1050,1
1051,0
1052,0
1053,0
1054,0
1055,1
1056,1
1057,0
1058,0
1059,1
1060,0
1061,0
1062,1
1063,0
1064,1
1065,2
1066,2
1067,0
1068,1
1069,2
1070,0
1071,0
1072,0
1073,2
1074,0
1075,0
1076,1
1077,0
1078,0
1079,0
1080,1
1081,1
1082,1
1083,0
1084,2
1085,0
1086,0
1087,1
1088,1
1089,1
1090,0
1091,0
1092,0
1093,0
1094,0
1095,1
1096,0
1097,0
1098,0
1099,0
1100,1
1101,2
1102,2
1103,2
1104,0
1105,1
1106,0
1107,0
1108,0
1109,0
1110,0
1111,2
1112,0
1113,1
1114,2
1115,2
1116,2
1117,1
1118,0
1119,0
1120,1
1121,2
1122,2
1123,1
1124,0
1125,2
1126,2
1127,0
1128,1
1129,1
1130,0
1131,1
1132,0
1133,0
1134,0
1135,1
1136,0
1137,0
1138,2
1139,0
1140,0
1141,1
1142,0
1143,1
1144,0
1145,1
1146,0
1147,2
1148,0
1149,0
1150,2
1151,1
1152,1
1153,0
1154,0
1155,0
1156,0
1157,0
1158,2
1159,0
1160,0
1161,0
1162,1
1163,0
1164,0
1165,1
1166,0
1167,0
1168,0
1169,0
1170,0
1171,0
1172,0
1173,0
1174,0
1175,0
1176,0
1177,0
1178,0
1179,2
1180,0
1181,1
1182,1
1183,1
1184,1
1185,1
1186,1
1187,2
1188,0
1189,0
1190,0
1191,1
1192,0
1193,2
1194,0
1195,0
1196,0
1197,1
1198,1
1199,0
1200,1
1201,0
1202,0
1203,0
1204,2
1205,2
1206,0
1207,0
1208,1
1209,0
1210,0
1211,0
1212,0
1213,1
1214,0
1215,2
1216,1
1217,1
1218,0
1219,0
1220,1
1221,1
1222,0
1223,0
1224,0
1225,1
1226,1
1227,1
1228,2
1229,1
1230,0
1231,1
1232,1
1233,0
1234,0
1235,1
1236,1
1237,2
1238,1
1239,0
1240,1
1241,0
1242,0
1243,0
1244,0
1245,0
1246,1
1247,0
1248,0
1249,0
1250,1
1251,0
1252,0
1253,0
1254,0
1255,0
1256,1
1257,0
1258,0
1259,0
1260,2
1261,0
1262,2
1263,1
1264,0
1265,1
1266,0
1267,0
1268,0
1269,1
1270,0
1271,1
1272,1
1273,0
1274,2
1275,0
1276,2
1277,1
1278,1
1279,2
1280,1
1281,0
1282,1
1283,0
1284,0
1285,2
1286,0
1287,0
1288,0
1289,0
1290,0
1291,0
1292,1
1293,0
1294,0
1295,2
1296,2
1297,1
1298,0
1299,0
1300,2
1301,0
1302,2
1303,0
1304,2
1305,0
1306,0
1307,1
1308,2
1309,1
1310,0
1311,2
1312,0
1313,0
1314,0
1315,1
1316,0
1317,2
1318,0
1319,0
1320,0
1321,0
1322,0
1323,0
1324,0
1325,0
1326,0
1327,0
1328,0
1329,0
1330,2
1331,0
1332,0
1333,0
1334,0
1335,0
1336,0
1337,0
1338,1
1339,2
1340,2
1341,0
1342,1
1343,0
1344,1
1345,0
1346,0
1347,0
1348,1
1349,1
1350,0
1351,1
1352,1
1353,0
1354,0
1355,1
1356,0
1357,1
1358,0
1359,2
1360,2
1361,0
1362,0
1363,0
1364,0
1365,0
1366,1
1367,1
1368,2
1369,0
1370,1
1371,0
1372,0
1373,0
1374,1
1375,0
1376,2
1377,1
1378,0
1379,0
1380,0
1381,1
1382,0
1383,0
1384,0
1385,1
1386,0
1387,0
1388,1
1389,0
1390,2
1391,1
1392,0
1393,2
1394,2
1395,1
1396,0
1397,2
1398,0
1399,0
1400,0
1401,0
1402,2
1403,1
1404,1
1405,0
1406,2
1407,0
1408,0
1409,1
1410,0
1411,0
1412,2
1413,1
1414,2
1415,0
1416,0
1417,0
1418,2
1419,0
1420,1
1421,0
1422,1
1423,0
1424,0
1425,1
1426,0
1427,0
1428,1
1429,1
1430,0
1431,1
1432,2
1433,1
1434,1
1435,2
1436,1
1437,0
1438,2
1439,0
1440,2
1441,0
1442,0
1443,2
1444,0
1445,0
1446,1
1447,1
1448,0
1449,0
1450,0
1451,0
1452,0
1453,0
1454,0
1455,1
1456,2
1457,0
1458,0
1459,1
1460,2
1461,0
1462,0
1463,2
1464,1
1465,1
1466,1
1467,0
1468,0
1469,1
1470,0
1471,0
1472,0
1473,2
1474,2
1475,0
1476,1
1477,0
1478,0
1479,0
1480,1
1481,0
1482,0
1483,0
1484,0
1485,2
1486,0
1487,0
1488,0
1489,0
1490,0
1491,0
1492,0
1493,0
1494,0
1495,0
1496,1
1497,0
1498,1
1499,1
1500,0
1501,1
1502,1
1503,1
1504,2
1505,0
1506,0
1507,0
1508,0
1509,0
1510,2
1511,0
1512,0
1513,0
1514,0
1515,0
1516,1
1517,2
1518,0
1519,0
1520,1
1521,2
1522,2
1523,1
1524,0
1525,1
1526,0
1527,1
1528,1
1529,1
1530,0
1531,1
1532,1
1533,0
1534,2
1535,1
1536,1
1537,0
1538,2
1539,0
1540,1
1541,2
1542,2
1543,1
1544,0
1545,2
1546,2
1547,0
1548,0
1549,0
1550,0
1551,0
1552,0
1553,2
1554,0
1555,2
1556,2
1557,2
1558,0
1559,0
1560,0
1561,2
1562,0
1563,0
1564,0
1565,0
1566,2
1567,0
1568,1
1569,0
1570,2
1571,0
1572,2
1573,0
1574,1
1575,0
1576,0
1577,0
1578,0
1579,0
1580,1
1581,0
1582,0
1583,0
1584,0
1585,0
1586,0
1587,0
1588,0
1589,0
1590,0
1591,2
1592,2
1593,1
1594,0
1595,1
1596,1
1597,0
1598,0
1599,0
1600,0
1601,1
1602,2
1603,0
1604,0
1605,0
1606,0
1607,0
1608,0
1609,0
1610,1
1611,1
1612,2
1613,1
1614,0
1615,1
1616,0
1617,0
1618,0
1619,0
1620,0
1621,0
1622,0
1623,0
1624,1
1625,0
1626,0
1627,1
1628,0
1629,1
1630,1
1631,2
1632,0
1633,0
1634,1
1635,0
1636,0
1637,0
1638,1
1639,0
1640,1
1641,0
1642,1
1643,0
1644,0
1645,0
1646,0
1647,0
1648,0
1649,2
1650,1
1651,1
1652,2
1653,0
1654,0
1655,2
1656,1
1657,2
1658,1
1659,1
1660,2
1661,1
1662,0
1663,0
1664,1
1665,1
1666,0
1667,0
1668,1
1669,0
1670,0
1671,0
1672,2
1673,0
1674,0
1675,1
1676,0
1677,0
1678,2
1679,1
1680,0
1681,1
1682,1
1683,1
1684,0
1685,0
1686,1
1687,0
1688,0
1689,0
1690,0
1691,0
1692,0
1693,1
1694,0
1695,0
1696,1
1697,0
1698,1
1699,0
1700,0
1701,0
1702,2
1703,0
1704,1
1705,0
1706,0
1707,0
1708,2
1709,0
1710,0
1711,1
1712,0
1713,0
1714,0
1715,2
1716,0
1717,2
1718,0
1719,0
1720,2
1721,0
1722,0
1723,0
1724,0
1725,1
1726,1
1727,0
1728,2
1729,0
1730,0
1731,0
1732,2
1733,0
1734,0
1735,2
1736,1
1737,1
1738,0
1739,1
1740,0
1741,2
1742,0
1743,0
1744,0
1745,0
1746,0
1747,1
1748,2
1749,1
1750,0
1751,0
1752,2
1753,0
1754,0
1755,0
1756,2
1757,0
1758,0
1759,1
1760,0
1761,1
1762,0
1763,0
1764,0
1765,0
1766,2
1767,2
1768,1
1769,1
1770,0
1771,0
1772,1
1773,0
1774,0
1775,1
1776,1
1777,0
1778,1
1779,2
1780,0
1781,1
1782,0
1783,2
1784,0
1785,2
1786,2
1787,1
1788,1
1789,0
1790,2
1791,1
1792,0
1793,0
1794,0
1795,1
1796,2
1797,1
1798,0
1799,0
1800,1
1801,1
1802,0
1803,1
1804,0
1805,0
1806,1
1807,1
1808,0
1809,2
1810,0
1811,1
1812,0
1813,1
1814,2
1815,0
1816,2
1817,0
1818,0
1819,2
1820,1
1821,0
1822,2
1823,1
1824,0
1825,2
1826,0
1827,0
1828,1
1829,1
1830,1
1831,2
1832,2
1833,0
1834,2
1835,0
1836,0
1837,2
1838,1
1839,0
1840,1
1841,0
1842,0
1843,2
1844,1
1845,1
1846,0
1847,0
1848,2
1849,0
1850,0
1851,2
1852,2
1853,1
1854,0
1855,0
1856,0
1857,1
1858,1
1859,1
1860,0
1861,1
1862,1
1863,1
1864,2
1865,2
1866,0
1867,2
1868,0
1869,2
1870,1
1871,1
1872,0
1873,0
1874,0
1875,2
1876,0
1877,0
1878,2
1879,0
1880,1
1881,0
1882,0
1883,2
1884,1
1885,0
1886,0
1887,2
1888,0
1889,0
1890,1
1891,2
1892,1
1893,0
1894,0
1895,1
1896,0
1897,0
1898,1
1899,1
1900,0
1901,0
1902,0
1903,1
1904,1
1905,0
1906,0
1907,1
1908,2
1909,1
1910,1
1911,2
1912,0
1913,0
1914,0
1915,2
1916,0
1917,0
1918,0
1919,0
1920,0
1921,0
1922,2
1923,0
1924,0
1925,0
1926,1
1927,0
1928,0
1929,2
1930,1
1931,2
1932,0
1933,0
1934,2
1935,1
1936,1
1937,1
1938,1
1939,1
1940,0
1941,1
1942,1
1943,0
1944,0
1945,0
1946,2
1947,1
1948,1
1949,1
1950,0
1951,2
1952,0
1953,1
1954,0
1955,0
1956,0
1957,0
1958,1
1959,0
1960,0
1961,2
1962,0
1963,2
1964,2
1965,0
1966,0
1967,1
1968,1
1969,0
1970,0
1971,1
1972,0
1973,0
1974,2
1975,2
1976,0
1977,0
1978,1
1979,0
1980,0
1981,2
1982,2
1983,0
1984,1
1985,0
1986,0
1987,0
1988,0
1989,0
1990,1
1991,0
1992,0
1993,0
1994,1
1995,0
1996,0
1997,0
1998,0
1999,0
2000,0
2001,1
2002,2
2003,0
2004,0
2005,0
2006,2
2007,0
2008,1
2009,0
2010,0
2011,0
2012,0
2013,0
2014,0
2015,0
2016,1
2017,1
2018,0
2019,0
2020,0
2021,1
2022,0
2023,2
2024,2
2025,0
2026,2
2027,1
2028,1
2029,2
2030,0
2031,1
2032,1
2033,1
2034,1
2035,0
2036,0
2037,2
2038,0
2039,0
2040,0
2041,0
2042,0
2043,0
2044,0
2045,2
2046,0
2047,1
2048,0
2049,2
2050,1
2051,0
2052,0
2053,1
2054,1
2055,2
2056,0
2057,2
2058,0
2059,0
2060,0
2061,0
2062,1
2063,2
2064,2
2065,1
2066,0
2067,2
2068,0
2069,2
2070,2
2071,0
2072,0
2073,0
2074,2
2075,1
2076,1
2077,0
2078,0
2079,2
2080,0
2081,1
2082,2
2083,2
2084,0
2085,0
2086,1
2087,0
2088,1
2089,0
2090,1
2091,2
2092,2
2093,0
2094,0
2095,0
2096,0
2097,0
2098,1
2099,0
2100,0
2101,0
2102,0
2103,0
2104,0
2105,1
2106,1
2107,0
2108,0
2109,0
2110,0
2111,0
2112,1
2113,0
2114,0
2115,0
2116,0
2117,0
2118,0
2119,0
2120,2
2121,2
2122,1
2123,0
2124,0
2125,1
2126,0
2127,0
2128,1
2129,0
2130,0
2131,0
2132,1
2133,1
2134,1
2135,0
2136,1
2137,2
2138,1
2139,0
2140,1
2141,1
2142,2
2143,1
2144,1
2145,1
2146,0
2147,0
2148,0
2149,0
2150,1
2151,0
2152,0
2153,0
2154,0
2155,1
2156,1
2157,1
2158,0
2159,0
2160,2
2161,0
2162,1
2163,1
2164,0
2165,0
2166,0
2167,2
2168,0
2169,0
2170,0
2171,0
2172,1
2173,0
2174,0
2175,0
2176,0
2177,0
2178,0
2179,1
2180,0
2181,0
2182,0
2183,0
2184,1
2185,2
2186,0
2187,0
2188,0
2189,0
2190,1
2191,1
2192,0
2193,1
2194,2
2195,2
2196,0
2197,0
2198,0
2199,0
2200,0
2201,2
2202,0
2203,1
2204,1
2205,0
2206,0
2207,1
2208,1
2209,2
2210,1
2211,1
2212,1
2213,0
2214,1
2215,2
2216,0
2217,0
2218,0
2219,2
2220,0
2221,1
2222,1
2223,1
2224,0
2225,2
2226,0
2227,0
2228,0
2229,0
2230,0
2231,0
2232,1
2233,0
2234,1
2235,0
2236,0
2237,0
2238,0
2239,0
2240,0
2241,0
2242,0
2243,0
2244,0
2245,2
2246,0
2247,0
2248,0
2249,1
2250,0
2251,0
2252,1
2253,0
2254,0
2255,0
2256,2
2257,0
2258,0
2259,0
2260,1
2261,0
2262,0
2263,0
2264,0
2265,2
2266,0
2267,0
2268,0
2269,1
2270,0
2271,1
2272,0
2273,0
2274,0
2275,0
2276,0
2277,0
2278,1
2279,0
2280,2
2281,0
2282,0
2283,0
2284,0
2285,0
2286,0
2287,2
2288,0
2289,0
2290,1
2291,0
2292,2
2293,0
2294,0
2295,1
2296,0
2297,1
2298,2
2299,2
2300,2
2301,0
2302,1
2303,0
2304,1
2305,0
2306,0
2307,2
2308,1
2309,2
2310,0
2311,0
2312,2
2313,0
2314,2
2315,1
2316,2
2317,1
2318,1
2319,0
2320,2
2321,0
2322,0
2323,0
2324,1
2325,1
2326,0
2327,1
2328,1
2329,1
2330,0
2331,1
2332,2
2333,2
2334,0
2335,0
2336,0
2337,0
2338,0
2339,0
2340,1
2341,0
2342,0
2343,0
2344,0
2345,1
2346,0
2347,1
2348,0
2349,1
2350,0
2351,0
2352,1
2353,0
2354,0
2355,1
2356,0
2357,1
2358,0
2359,0
2360,0
2361,0
2362,0
2363,0
2364,1
2365,1
2366,1
2367,0
2368,0
2369,0
2370,0
2371,1
2372,1
2373,0
2374,0
2375,2
2376,0
2377,2
2378,1
2379,0
2380,0
2381,2
2382,1
2383,0
2384,0
2385,1
2386,0
2387,0
2388,0
2389,0
2390,0
2391,0
2392,0
2393,0
2394,2
2395,0
2396,0
2397,0
2398,0
2399,2
2400,0
2401,0
2402,2
2403,1
2404,0
2405,2
2406,2
2407,2
2408,0
2409,2
2410,0
2411,1
2412,0
2413,0
2414,0
2415,0
2416,0
2417,0
2418,2
2419,1
2420,0
2421,1
2422,1
2423,0
2424,1
2425,1
2426,0
2427,0
2428,0
2429,1
2430,0
2431,1
2432,0
2433,1
2434,2
2435,2
2436,1
2437,0
2438,1
2439,1
2440,1
2441,2
2442,0
2443,1
2444,0
2445,0
2446,0
2447,0
2448,1
2449,1
2450,1
2451,2
2452,1
2453,2
2454,1
2455,0
2456,0
2457,1
2458,1
2459,1
2460,1
2461,2
2462,0
2463,0
2464,1
2465,0
2466,2
2467,1
2468,0
2469,0
2470,1
2471,0
2472,0
2473,0
2474,2
2475,1
2476,0
2477,2
2478,2
2479,0
2480,0
2481,1
2482,0
2483,0
2484,0
2485,0
2486,0
2487,1
2488,0
2489,1
2490,1
2491,0
2492,1
2493,0
2494,1
2495,0
2496,0
2497,0
2498,0
2499,0
2500,2
2501,1
2502,2
2503,2
2504,2
2505,0
2506,0
2507,2
2508,0
2509,0
2510,2
2511,0
2512,0
2513,0
2514,2
2515,2
2516,1
2517,2
2518,0
2519,0
2520,0
2521,0
2522,0
2523,0
2524,0
2525,0
2526,0
2527,2
2528,0
2529,0
2530,0
2531,1
2532,0
2533,0
2534,0
2535,0
2536,0
2537,0
2538,0
2539,2
2540,0
2541,1
2542,0
2543,0
2544,0
2545,2
2546,0
2547,0
2548,0
2549,0
2550,0
2551,0
2552,1
2553,1
2554,0
2555,1
2556,0
2557,1
2558,1
2559,0
2560,1
2561,0
2562,0
2563,1
2564,0
2565,0
2566,0
2567,1
2568,0
2569,0
2570,0
2571,0
2572,1
2573,0
2574,1
2575,1
2576,0
2577,0
2578,1
2579,0
2580,2
2581,2
2582,1
2583,2
2584,0
2585,0
2586,0
2587,0
2588,0
2589,0
2590,0
2591,0
2592,0
2593,0
2594,0
2595,1
2596,0
2597,1
2598,2
2599,1
2600,0
2601,1
2602,0
2603,1
2604,0
2605,1
2606,1
2607,0
2608,1
2609,0
2610,0
2611,0
2612,0
2613,0
2614,0
2615,0
2616,1
2617,0
2618,0
2619,0
2620,0
2621,1
2622,0
2623,0
2624,2
2625,0
2626,0
2627,2
2628,0
2629,1
2630,0
2631,0
2632,0
2633,0
2634,1
2635,0
2636,1
2637,0
2638,0
2639,1
2640,0
2641,0
2642,0
2643,0
2644,0
2645,1
2646,1
2647,1
2648,2
2649,2
2650,0
2651,0
2652,1
2653,0
2654,0
2655,0
2656,2
2657,2
2658,1
2659,0
2660,0
2661,0
2662,1
2663,1
2664,1
2665,0
2666,0
2667,0
2668,0
2669,0
2670,0
2671,2
2672,1
2673,1
2674,0
2675,0
2676,0
2677,0
2678,1
2679,0
2680,0
2681,0
2682,1
2683,2
2684,1
2685,0
2686,0
2687,1
2688,0
2689,0
2690,0
2691,0
2692,0
2693,1
2694,0
2695,1
2696,2
2697,0
2698,0
2699,0
2700,1
2701,0
2702,1
2703,1
2704,2
2705,1
2706,0
2707,0
2708,0
2709,0
2710,1
2711,2
2712,2
2713,0
2714,0
2715,0
2716,0
2717,0
2718,1
2719,1
2720,2
2721,0
2722,0
2723,1
2724,0
2725,1
2726,0
2727,1
2728,1
2729,0
2730,1
2731,0
2732,0
2733,1
2734,1
2735,2
2736,0
2737,0
2738,2
2739,0
2740,2
2741,0
2742,1
2743,2
2744,1
2745,2
2746,0
2747,0
2748,0
2749,0
2750,0
2751,2
2752,0
2753,2
2754,2
2755,0
2756,0
2757,0
2758,1
2759,0
2760,1
2761,0
2762,0
2763,0
2764,0
2765,2
2766,2
2767,2
2768,0
2769,1
2770,0
2771,0
2772,0
2773,0
2774,0
2775,0
2776,2
2777,1
2778,0
2779,2
2780,2
2781,1
2782,1
2783,0
2784,0
2785,0
2786,2
2787,1
2788,0
2789,1
2790,0
2791,1
2792,0
2793,1
2794,0
2795,0
2796,1
2797,0
2798,1
2799,0
2800,2
2801,1
2802,0
2803,1
2804,0
2805,1
2806,0
2807,0
2808,2
2809,0
2810,0
2811,0
2812,1
2813,0
2814,0
2815,0
2816,0
2817,2
2818,2
2819,2
2820,0
2821,0
2822,1
2823,2
2824,1
2825,0
2826,1
2827,0
2828,2
2829,2
2830,2
2831,0
2832,0
2833,0
2834,0
2835,0
2836,1
2837,0
2838,0
2839,0
2840,2
2841,1
2842,1
2843,0
2844,1
2845,0
2846,1
2847,1
2848,2
2849,0
2850,0
2851,2
2852,2
2853,0
2854,0
2855,0
2856,0
2857,1
2858,1
2859,0
2860,1
2861,0
2862,0
2863,0
2864,0
2865,1
2866,0
2867,0
2868,0
2869,2
2870,2
2871,1
2872,0
2873,0
2874,0
2875,0
2876,0
2877,0
2878,0
2879,1
2880,1
2881,1
2882,0
2883,0
2884,0
2885,2
2886,0
2887,0
2888,0
2889,0
2890,0
2891,1
2892,0
2893,0
2894,0
2895,0
2896,0
2897,0
2898,2
2899,0
2900,0
2901,0
2902,1
2903,1
2904,1
2905,1
2906,0
2907,2
2908,0
2909,0
2910,1
2911,1
2912,0
2913,2
2914,0
2915,0
2916,0
2917,0
2918,2
2919,1
2920,0
2921,1
2922,1
2923,1
2924,0
2925,1
2926,0
2927,2
2928,1
2929,0
2930,0
2931,0
2932,1
2933,0
2934,1
2935,1
2936,0
2937,1
2938,0
2939,0
2940,0
2941,1
2942,2
2943,1
2944,0
2945,0
2946,1
2947,0
2948,1
2949,0
2950,0
2951,0
2952,1
2953,0
2954,0
2955,0
2956,0
2957,2
2958,0
2959,0
2960,0
2961,0
2962,0
2963,0
2964,2
2965,0
2966,1
2967,2
2968,2
2969,0
2970,2
2971,1
2972,0
2973,2
2974,0
2975,0
2976,1
2977,1
2978,2
2979,1
2980,0
2981,0
2982,1
2983,0
2984,0
2985,0
2986,0
2987,0
2988,0
2989,0
2990,0
2991,0
2992,0
2993,2
2994,1
2995,0
2996,2
2997,0
2998,0
2999,0
3000,1
3001,0
3002,0
3003,1
3004,1
3005,0
3006,1
3007,0
3008,1
3009,0
3010,0
3011,2
3012,1
3013,2
3014,0
3015,1
3016,2
3017,0
3018,2
3019,0
3020,0
3021,0
3022,0
3023,0
3024,0
3025,1
3026,0
3027,1
3028,0
3029,0
3030,0
3031,0
3032,0
3033,0
3034,0
3035,1
3036,0
3037,0
3038,0
3039,0
3040,0
3041,0
3042,0
3043,2
3044,2
3045,0
3046,0
3047,1
3048,1
3049,1
3050,0
3051,1
3052,2
3053,1
3054,1
3055,1
3056,0
3057,1
3058,1
3059,2
3060,2
3061,0
3062,0
3063,0
3064,2
3065,0
3066,0
3067,0
3068,0
3069,0
3070,1
3071,0
3072,1
3073,1
3074,0
3075,0
3076,2
3077,0
3078,0
3079,1
3080,2
3081,0
3082,1
3083,0
3084,0
3085,0
3086,0
3087,0
3088,0
3089,0
3090,2
3091,2
3092,0
3093,0
3094,0
3095,1
3096,1
3097,0
3098,0
3099,1
3100,0
3101,1
3102,2
3103,1
3104,0
3105,1
3106,0
3107,1
3108,2
3109,0
3110,0
3111,0
3112,0
3113,1
3114,1
3115,0
3116,0
3117,0
3118,0
3119,1
3120,0
3121,1
3122,1
3123,1
3124,0
3125,1
3126,1
3127,1
3128,0
3129,0
3130,1
3131,0
3132,0
3133,0
3134,0
3135,0
3136,0
3137,0
3138,0
3139,2
3140,0
3141,1
3142,0
3143,2
3144,0
3145,0
3146,1
3147,0
3148,0
3149,0
3150,0
3151,1
3152,2
3153,0
3154,0
3155,0
3156,0
3157,0
3158,1
3159,0
3160,1
3161,0
3162,1
3163,1
3164,0
3165,1
3166,0
3167,0
3168,0
3169,0
3170,0
3171,0
3172,0
3173,0
3174,2
3175,1
3176,0
3177,1
3178,1
3179,0
3180,0
3181,2
3182,1
3183,1
3184,0
3185,1
3186,0
3187,1
3188,1
3189,0
3190,1
3191,1
3192,0
3193,0
3194,2
3195,2
3196,1
3197,0
3198,0
3199,0
3200,1
3201,1
3202,2
3203,2
3204,0
3205,0
3206,2
3207,1
3208,0
3209,0
3210,0
3211,0
3212,0
3213,0
3214,1
3215,0
3216,2
3217,0
3218,0
3219,0
3220,0
3221,0
3222,0
3223,0
3224,0
3225,0
3226,0
3227,2
3228,1
3229,0
3230,2
3231,0
3232,0
3233,0
3234,1
3235,0
3236,0
3237,0
3238,0
3239,1
3240,1
3241,0
3242,1
3243,1
3244,1
3245,0
3246,0
3247,1
3248,1
3249,0
3250,0
3251,0
3252,0
3253,0
3254,0
3255,0
3256,0
3257,0
3258,0
3259,0
3260,0
3261,0
3262,0
3263,1
3264,1
3265,0
3266,0
3267,0
3268,1
3269,0
3270,1
3271,1
3272,1
3273,2
3274,2
3275,0
3276,2
3277,0
3278,0
3279,0
3280,2
3281,1
3282,0
3283,1
3284,0
3285,0
3286,0
3287,0
3288,0
3289,1
3290,0
3291,0
3292,0
3293,1
3294,2
3295,2
3296,0
3297,0
3298,0
3299,0
3300,1
3301,0
3302,2
3303,1
3304,0
3305,0
3306,0
3307,0
3308,2
3309,0
3310,1
3311,0
3312,0
3313,1
3314,0
3315,0
3316,0
3317,0
3318,1
3319,2
3320,0
3321,0
3322,0
3323,0
3324,0
3325,0
3326,2
3327,2
3328,0
3329,0
3330,0
3331,0
3332,1
3333,0
3334,0
3335,0
3336,2
3337,0
3338,1
3339,0
3340,1
3341,0
3342,1
3343,1
3344,0
3345,0
3346,0
3347,1
3348,1
3349,1
3350,1
3351,0
3352,0
3353,0
3354,0
3355,0
3356,1
3357,1
3358,1
3359,0
3360,0
3361,0
3362,0
3363,0
3364,0
3365,0
3366,1
3367,0
3368,0
3369,1
3370,1
3371,0
3372,0
3373,1
3374,0
3375,2
3376,0
3377,0
3378,0
3379,0
3380,2
3381,1
3382,1
3383,0
3384,2
3385,1
3386,0
3387,0
3388,0
3389,0
3390,2
3391,0
3392,0
3393,0
3394,0
3395,0
3396,0
3397,0
3398,0
3399,0
3400,2
3401,0
3402,0
3403,2
3404,0
3405,0
3406,0
3407,1
3408,0
3409,0
3410,0
3411,0
3412,1
3413,0
3414,0
3415,0
3416,2
3417,1
3418,0
3419,2
3420,0
3421,2
3422,0
3423,2
3424,0
3425,1
3426,1
3427,1
3428,1
3429,0
3430,0
3431,0
3432,1
3433,1
3434,0
3435,0
3436,0
3437,1
3438,2
3439,0
3440,2
3441,2
3442,0
3443,0
3444,0
3445,0
3446,1
3447,0
3448,0
3449,0
3450,0
3451,1
3452,0
3453,1
3454,0
3455,0
3456,2
3457,0
3458,0
3459,2
3460,0
3461,0
3462,0
3463,2
3464,0
3465,0
3466,2
3467,0
3468,2
3469,0
3470,0
3471,0
3472,0
3473,0
3474,0
3475,0
3476,0
3477,2
3478,0
3479,0
3480,1
3481,1
3482,1
3483,1
3484,2
3485,1
3486,1
3487,0
3488,1
3489,0
3490,0
3491,0
3492,0
3493,0
3494,0
3495,0
3496,0
3497,2
3498,0
3499,0
3500,0
3501,2
3502,2
3503,2
3504,0
3505,0
3506,2
3507,0
3508,0
3509,0
3510,2
3511,0
3512,2
3513,0
3514,1
3515,0
3516,0
3517,1
3518,0
3519,1
3520,2
3521,0
3522,0
3523,1
3524,2
3525,1
3526,0
3527,1
3528,0
3529,0
3530,0
3531,1
3532,0
3533,0
3534,0
3535,0
3536,2
3537,0
3538,0
3539,1
3540,1
3541,1
3542,2
3543,0
3544,0
3545,1
3546,0
3547,1
3548,1
3549,1
3550,1
3551,0
3552,1
3553,1
3554,1
3555,0
3556,0
3557,0
3558,2
3559,0
3560,0
3561,0
3562,1
3563,0
3564,2
3565,2
3566,0
3567,0
3568,1
3569,1
3570,1
3571,2
3572,0
3573,0
3574,0
3575,1
3576,0
3577,0
3578,1
3579,1
3580,0
3581,2
3582,0
3583,0
3584,0
3585,2
3586,1
3587,0
3588,0
3589,1
3590,0
3591,2
3592,1
3593,0
3594,1
3595,0
3596,2
3597,0
3598,0
3599,0
3600,0
3601,0
3602,0
3603,0
3604,0
3605,2
3606,0
3607,2
3608,0
3609,0
3610,1
3611,0
3612,0
3613,2
3614,0
3615,0
3616,1
3617,0
3618,0
3619,0
3620,0
3621,0
3622,2
3623,0
3624,0
3625,0
3626,0
3627,0
3628,0
3629,1
3630,2
3631,0
3632,0
3633,2
3634,2
3635,0
3636,0
3637,0
3638,0
3639,0
3640,2
3641,0
3642,0
3643,1
3644,0
3645,0
3646,2
3647,0
3648,2
3649,0
3650,0
3651,2
3652,0
3653,1
3654,0
3655,0
3656,1
3657,1
3658,2
3659,0
3660,1
3661,0
3662,1
3663,0
3664,0
3665,0
3666,0
3667,1
3668,0
3669,1
3670,0
3671,0
3672,0
3673,2
3674,2
3675,0
3676,0
3677,0
3678,1
3679,1
3680,0
3681,0
3682,1
3683,0
3684,1
3685,0
3686,1
3687,0
3688,0
3689,0
3690,0
3691,0
3692,0
3693,2
3694,2
3695,0
3696,0
3697,0
3698,2
3699,2
3700,0
3701,1
3702,1
3703,0
3704,0
3705,1
3706,0
3707,0
3708,0
3709,2
3710,0
3711,0
3712,1
3713,2
3714,0
3715,0
3716,0
3717,2
3718,0
3719,1
3720,0
3721,0
3722,0
3723,0
3724,0
3725,0
3726,1
3727,2
3728,0
3729,1
3730,2
3731,0
3732,0
3733,1
3734,0
3735,0
3736,0
3737,0
3738,0
3739,0
3740,1
3741,0
3742,0
3743,0
3744,2
3745,0
3746,0
3747,0
3748,0
3749,0
3750,2
3751,1
3752,0
3753,0
3754,0
3755,0
3756,1
3757,0
3758,0
3759,0
3760,0
3761,1
3762,0
3763,1
3764,1
3765,0
3766,2
3767,0
3768,0
3769,1
3770,0
3771,0
3772,2
3773,1
3774,0
3775,1
3776,1
3777,0
3778,0
3779,2
3780,2
3781,0
3782,0
3783,1
3784,0
3785,1
3786,0
3787,1
3788,0
3789,2
3790,0
3791,0
3792,1
3793,0
3794,0
3795,2
3796,0
3797,1
3798,0
3799,1
3800,0
3801,0
3802,1
3803,0
3804,2
3805,1
3806,1
3807,0
3808,0
3809,0
3810,0
3811,0
3812,2
3813,0
3814,1
3815,0
3816,0
3817,0
3818,0
3819,2
3820,2
3821,1
3822,2
3823,0
3824,0
3825,0
3826,1
3827,0
3828,0
3829,0
3830,2
3831,1
3832,0
3833,2
3834,0
3835,0
3836,0
3837,0
3838,0
3839,0
3840,2
3841,0
3842,0
3843,1
3844,1
3845,2
3846,0
3847,1
3848,0
3849,0
3850,0
3851,0
3852,0
3853,1
3854,0
3855,2
3856,2
3857,0
3858,0
3859,0
3860,0
3861,2
3862,0
3863,0
3864,0
3865,1
3866,0
3867,2
3868,0
3869,2
3870,2
3871,1
3872,1
3873,0
3874,2
3875,1
3876,0
3877,0
3878,0
3879,1
3880,0
3881,1
3882,1
3883,0
3884,2
3885,1
3886,0
3887,2
3888,2
3889,1
3890,0
3891,0
3892,2
3893,1
3894,0
3895,2
3896,0
3897,0
3898,2
3899,0
3900,0
3901,2
3902,1
3903,1
3904,1
3905,0
3906,0
3907,1
3908,0
3909,1
3910,0
3911,0
3912,0
3913,0
3914,2
3915,0
3916,0
3917,0
3918,0
3919,0
3920,0
3921,1
3922,1
3923,2
3924,1
3925,0
3926,1
3927,0
3928,0
3929,0
3930,0
3931,0
3932,0
3933,2
3934,1
3935,0
3936,0
3937,0
3938,0
3939,1
3940,1
3941,0
3942,0
3943,2
3944,0
3945,0
3946,0
3947,0
3948,1
3949,1
3950,0
3951,0
3952,1
3953,0
3954,0
3955,2
3956,1
3957,1
3958,1
3959,0
3960,2
3961,0
3962,0
3963,0
3964,0
3965,0
3966,0
3967,0
3968,0
3969,0
3970,0
3971,0
3972,0
3973,0
3974,0
3975,0
3976,0
3977,0
3978,2
3979,0
3980,1
3981,1
3982,0
3983,0
3984,1
3985,0
3986,1
3987,1
3988,0
3989,0
3990,0
3991,0
3992,0
3993,0
3994,0
3995,2
3996,1
3997,0
3998,0
3999,0
4000,1
4001,0
4002,0
4003,1
4004,0
4005,0
4006,2
4007,0
4008,1
4009,2
4010,0
4011,2
4012,0
4013,2
4014,0
4015,2
4016,1
4017,1
4018,1
4019,0
4020,0
4021,0
4022,0
4023,1
4024,1
4025,0
4026,0
4027,1
4028,0
4029,1
4030,0
4031,0
4032,1
4033,0
4034,0
4035,1
4036,0
4037,0
4038,2
4039,1
4040,0
4041,0
4042,1
4043,0
4044,0
4045,0
4046,0
4047,0
4048,1
4049,0
4050,0
4051,0
4052,1
4053,0
4054,0
4055,0
4056,0
4057,0
4058,0
4059,0
4060,2
4061,1
4062,1
4063,0
4064,2
4065,0
4066,0
4067,0
4068,2
4069,0
4070,0
4071,2
4072,0
4073,0
4074,0
4075,0
4076,1
4077,0
4078,0
4079,0
4080,0
4081,0
4082,0
4083,2
4084,0
4085,1
4086,2
4087,0
4088,0
4089,0
4090,0
4091,1
4092,0
4093,2
4094,2
4095,2
4096,0
4097,0
4098,0
4099,1
4100,0
4101,1
4102,0
4103,0
4104,0
4105,0
4106,0
4107,0
4108,0
4109,1
4110,0
4111,1
4112,1
4113,0
4114,0
4115,0
4116,0
4117,1
4118,2
4119,0
4120,2
4121,1
4122,0
4123,0
4124,0
4125,0
4126,0
4127,0
4128,0
4129,1
4130,0
4131,0
4132,0
4133,0
4134,2
4135,1
4136,0
4137,1
4138,0
4139,0
4140,2
4141,1
4142,2
4143,2
4144,0
4145,0
4146,0
4147,1
4148,1
4149,1
4150,0
4151,1
4152,1
4153,0
4154,0
4155,1
4156,1
4157,0
4158,0
4159,0
4160,1
4161,2
4162,2
4163,0
4164,2
4165,0
4166,2
4167,0
4168,1
4169,0
4170,2
4171,0
4172,0
4173,0
4174,0
4175,0
4176,0
4177,0
4178,1
4179,2
4180,0
4181,0
4182,0
4183,0
4184,1
4185,0
4186,1
4187,0
4188,1
4189,2
4190,0
4191,2
4192,0
4193,0
4194,2
4195,1
4196,0
4197,0
4198,0
4199,1
4200,1
4201,0
4202,1
4203,0
4204,0
4205,0
4206,0
4207,0
4208,0
4209,0
4210,0
4211,0
4212,0
4213,0
4214,0
4215,0
4216,2
4217,0
4218,0
4219,1
4220,0
4221,0
4222,0
4223,0
4224,2
4225,0
4226,0
4227,0
4228,0
4229,0
4230,0
4231,1
4232,1
4233,0
4234,1
4235,1
4236,2
4237,0
4238,2
4239,0
4240,1
4241,0
4242,2
4243,0
4244,1
4245,0
4246,2
4247,2
4248,0
4249,0
4250,0
4251,0
4252,2
4253,0
4254,0
4255,1
4256,0
4257,0
4258,0
4259,0
4260,0
4261,0
4262,0
4263,2
4264,0
4265,1
4266,1
4267,0
4268,1
4269,0
4270,1
4271,2
4272,0
4273,1
4274,0
4275,0
4276,0
4277,1
4278,0
4279,0
4280,1
4281,1
4282,2
4283,0
4284,0
4285,2
4286,0
4287,1
4288,0
4289,1
4290,1
4291,2
4292,0
4293,1
4294,0
4295,0
4296,0
4297,0
4298,0
4299,2
4300,0
4301,0
4302,2
4303,0
4304,0
4305,0
4306,0
4307,0
4308,0
4309,1
4310,1
4311,2
4312,0
4313,0
4314,0
4315,0
4316,1
4317,0
4318,2
4319,0
4320,0
4321,0
4322,0
4323,1
4324,2
4325,0
4326,0
4327,0
4328,0
4329,0
4330,1
4331,1
4332,0
4333,0
4334,1
4335,0
4336,0
4337,0
4338,0
4339,0
4340,0
4341,0
4342,1
4343,0
4344,0
4345,1
4346,1
4347,0
4348,2
4349,0
4350,1
4351,2
4352,1
4353,1
4354,2
4355,0
4356,0
4357,1
4358,2
4359,1
4360,2
4361,0
4362,1
4363,2
4364,0
4365,2
4366,0
4367,2
4368,2
4369,0
4370,0
4371,0
4372,0
4373,0
4374,0
4375,0
4376,0
4377,2
4378,0
4379,1
4380,0
4381,1
4382,2
4383,0
4384,0
4385,1
4386,0
4387,0
4388,0
4389,0
4390,1
4391,2
4392,0
4393,0
4394,0
4395,2
4396,2
4397,0
4398,2
4399,2
4400,0
4401,1
4402,0
4403,0
4404,0
4405,0
4406,2
4407,1
4408,0
4409,0
4410,0
4411,0
4412,1
4413,0
4414,0
4415,0
4416,0
4417,1
4418,0
4419,1
4420,1
4421,0
4422,2
4423,0
4424,2
4425,0
4426,0
4427,0
4428,0
4429,2
4430,0
4431,1
4432,1
4433,0
4434,2
4435,0
4436,2
4437,1
4438,1
4439,0
4440,1
4441,0
4442,0
4443,0
4444,0
4445,0
4446,2
4447,1
4448,1
4449,2
4450,1
4451,0
4452,1
4453,2
4454,0
4455,1
4456,0
4457,0
4458,2
4459,0
4460,0
4461,2
4462,1
4463,0
4464,0
4465,2
4466,0
4467,0
4468,0
4469,2
4470,1
4471,0
4472,1
4473,2
4474,2
4475,1
4476,1
4477,0
4478,0
4479,1
4480,1
4481,2
4482,0
4483,1
4484,1
4485,1
4486,0
4487,1
4488,0
4489,1
4490,1
4491,0
4492,1
4493,2
4494,0
4495,1
4496,0
4497,1
4498,0
4499,0
4500,1
4501,0
4502,0
4503,2
4504,1
4505,1
4506,1
4507,2
4508,0
4509,0
4510,0
4511,0
4512,0
4513,1
4514,0
4515,1
4516,1
4517,0
4518,0
4519,1
4520,1
4521,1
4522,0
4523,2
4524,1
4525,0
4526,0
4527,1
4528,0
4529,2
4530,1
4531,0
4532,2
4533,0
4534,0
4535,1
4536,1
4537,0
4538,0
4539,0
4540,0
4541,1
4542,1
4543,1
4544,0
4545,0
4546,0
4547,0
4548,1
4549,0
4550,0
4551,0
4552,0
4553,0
4554,0
4555,0
4556,0
4557,0
4558,0
4559,1
4560,0
4561,1
4562,0
4563,0
4564,0
4565,0
4566,0
4567,0
4568,0
4569,1
4570,0
4571,0
4572,1
4573,0
4574,0
4575,0
4576,0
4577,0
4578,2
4579,2
4580,0
4581,0
4582,0
4583,0
4584,1
4585,0
4586,0
4587,0
4588,2
4589,0
4590,2
4591,1
4592,0
4593,0
4594,0
4595,0
4596,1
4597,1
4598,0
4599,0
4600,1
4601,2
4602,2
4603,0
4604,0
4605,0
4606,0
4607,1
4608,0
4609,1
4610,1
4611,0
4612,2
4613,0
4614,0
4615,1
4616,2
4617,1
4618,1
4619,2
4620,0
4621,1
4622,0
4623,0
4624,1
4625,1
4626,0
4627,0
4628,2
4629,0
4630,2
4631,2
4632,1
4633,0
4634,0
4635,0
4636,1
4637,0
4638,1
4639,1
4640,0
4641,1
4642,0
4643,0
4644,0
4645,0
4646,1
4647,1
4648,0
4649,1
4650,1
4651,0
4652,1
4653,0
4654,1
4655,1
4656,0
4657,0
4658,1
4659,1
4660,0
4661,0
4662,0
4663,0
4664,0
4665,0
4666,0
4667,0
4668,1
4669,0
4670,0
4671,0
4672,1
4673,0
4674,0
4675,2
4676,1
4677,1
4678,0
4679,0
4680,0
4681,0
4682,0
4683,0
4684,0
4685,1
4686,1
4687,0
4688,2
4689,1
4690,0
4691,0
4692,0
4693,1
4694,0
4695,0
4696,0
4697,1
4698,0
4699,0
4700,0
4701,0
4702,0
4703,0
4704,0
4705,0
4706,0
4707,0
4708,0
4709,0
4710,0
4711,0
4712,0
4713,2
4714,2
4715,0
4716,0
4717,2
4718,0
4719,1
4720,1
4721,2
4722,0
4723,0
4724,0
4725,0
4726,0
4727,0
4728,0
4729,1
4730,0
4731,1
4732,1
4733,0
4734,0
4735,2
4736,0
4737,1
4738,1
4739,0
4740,1
4741,0
4742,1
4743,0
4744,0
4745,0
4746,2
4747,2
4748,1
4749,0
4750,0
4751,0
4752,1
4753,1
4754,0
4755,1
4756,0
4757,2
4758,0
4759,0
4760,1
4761,2
4762,0
4763,0
4764,1
4765,2
4766,2
4767,0
4768,0
4769,1
4770,0
4771,0
4772,0
4773,0
4774,0
4775,0
4776,1
4777,0
4778,2
4779,0
4780,0
4781,2
4782,0
4783,0
4784,2
4785,1
4786,0
4787,2
4788,0
4789,0
4790,1
4791,0
4792,2
4793,0
4794,0
4795,0
4796,1
4797,0
4798,0
4799,2
4800,2
4801,0
4802,0
4803,0
4804,2
4805,0
4806,1
4807,2
4808,0
4809,0
4810,0
4811,2
4812,0
4813,2
4814,2
4815,0
4816,0
4817,1
4818,0
4819,0
4820,0
4821,1
4822,2
4823,0
4824,1
4825,1
4826,1
4827,1
4828,0
4829,0
4830,0
4831,2
4832,0
4833,2
4834,0
4835,0
4836,1
4837,1
4838,0
4839,0
4840,0
4841,1
4842,1
4843,0
4844,0
4845,0
4846,0
4847,0
4848,2
4849,1
4850,0
4851,0
4852,0
4853,0
4854,1
4855,0
4856,0
4857,0
4858,0
4859,0
4860,1
4861,2
4862,0
4863,1
4864,1
4865,1
4866,1
4867,2
4868,0
4869,0
4870,1
4871,1
4872,0
4873,0
4874,0
4875,2
4876,1
4877,0
4878,1
4879,0
4880,0
4881,2
4882,0
4883,0
4884,0
4885,1
4886,0
4887,1
4888,0
4889,1
4890,0
4891,1
4892,1
4893,0
4894,0
4895,0
4896,2
4897,0
4898,2
4899,0
4900,0
4901,2
4902,1
4903,1
4904,2
4905,2
4906,0
4907,0
4908,0
4909,1
4910,0
4911,0
4912,2
4913,1
4914,0
4915,0
4916,0
4917,0
4918,0
4919,0
4920,1
4921,2
4922,2
4923,0
4924,1
4925,1
4926,1
4927,1
4928,2
4929,0
4930,1
4931,1
4932,0
4933,0
4934,0
4935,2
4936,2
4937,1
4938,0
4939,0
4940,1
4941,0
4942,0
4943,2
4944,1
4945,1
4946,0
4947,0
4948,1
4949,0
4950,0
4951,0
4952,0
4953,0
4954,0
4955,0
4956,0
4957,0
4958,1
4959,0
4960,0
4961,0
4962,0
4963,0
4964,0
4965,0
4966,0
4967,0
4968,0
4969,0
4970,0
4971,2
4972,0
4973,2
4974,2
4975,0
4976,1
4977,2
4978,0
4979,0
4980,0
4981,0
4982,0
4983,2
4984,0
4985,2
4986,0
4987,1
4988,1
4989,0
4990,2
4991,0
4992,0
4993,2
4994,0
4995,0
4996,0
4997,1
4998,0
4999,1
